{"timestamp": 1762909348.6984227, "metrics": {"intent": "COMPLEX_ANALYSIS", "confidence": 0.95, "response_time_ms": 2357.3548793792725, "timestamp": 1762909348.6984227, "is_error": false}, "type": "raw_metrics"}
