{"timestamp": 1761877139.929243, "metrics": {"intent": "DATA_QUERY", "confidence": 0.95, "response_time_ms": 1653.1498432159424, "timestamp": 1761877139.929243, "is_error": false}, "type": "raw_metrics"}
{"timestamp": 1761877157.9705112, "metrics": {"intent": "DATA_QUERY", "confidence": 0.95, "response_time_ms": 19730.03840446472, "timestamp": 1761877157.9705112, "is_error": false}, "type": "raw_metrics"}
{"timestamp": 1761877159.2848191, "metrics": {"intent": "DATA_QUERY", "confidence": 1.0, "response_time_ms": 1310.286045074463, "timestamp": 1761877159.2848191, "is_error": false}, "type": "raw_metrics"}
{"timestamp": 1761877174.853647, "metrics": {"intent": "DATA_QUERY", "confidence": 1.0, "response_time_ms": 16881.640195846558, "timestamp": 1761877174.853647, "is_error": false}, "type": "raw_metrics"}
{"timestamp": 1761878858.8689861, "metrics": {"intent": "DATA_QUERY", "confidence": 0.95, "response_time_ms": 1489.2702102661133, "timestamp": 1761878858.8689861, "is_error": false}, "type": "raw_metrics"}
{"timestamp": 1761878877.245994, "metrics": {"intent": "DATA_QUERY", "confidence": 0.95, "response_time_ms": 19871.871948242188, "timestamp": 1761878877.245994, "is_error": false}, "type": "raw_metrics"}
{"timestamp": 1761878878.6469831, "metrics": {"intent": "DATA_QUERY", "confidence": 1.0, "response_time_ms": 1397.9501724243164, "timestamp": 1761878878.6469831, "is_error": false}, "type": "raw_metrics"}
{"timestamp": 1761878896.3264923, "metrics": {"intent": "DATA_QUERY", "confidence": 1.0, "response_time_ms": 19079.49471473694, "timestamp": 1761878896.3264923, "is_error": false}, "type": "raw_metrics"}
{"timestamp": 1761880624.3741534, "metrics": {"intent": "UNKNOWN", "confidence": 0.0, "response_time_ms": 2329.4131755828857, "timestamp": 1761880624.3741534, "is_error": true}, "type": "raw_metrics"}
{"timestamp": 1761880641.5900948, "metrics": {"intent": "UNKNOWN", "confidence": 0.0, "response_time_ms": 19549.779891967773, "timestamp": 1761880641.5900948, "is_error": false}, "type": "raw_metrics"}
{"timestamp": 1761880642.792636, "metrics": {"intent": "DATA_QUERY", "confidence": 1.0, "response_time_ms": 1198.8189220428467, "timestamp": 1761880642.792636, "is_error": false}, "type": "raw_metrics"}
{"timestamp": 1761880658.8823802, "metrics": {"intent": "DATA_QUERY", "confidence": 1.0, "response_time_ms": 17290.184259414673, "timestamp": 1761880658.8823802, "is_error": false}, "type": "raw_metrics"}
{"timestamp": 1761880669.92776, "metrics": {"intent": "DATA_QUERY", "confidence": 1.0, "response_time_ms": 1502.742052078247, "timestamp": 1761880669.92776, "is_error": false}, "type": "raw_metrics"}
{"timestamp": 1761880687.5568893, "metrics": {"intent": "DATA_QUERY", "confidence": 1.0, "response_time_ms": 19134.99426841736, "timestamp": 1761880687.5568893, "is_error": false}, "type": "raw_metrics"}
{"timestamp": 1761880736.2005947, "metrics": {"intent": "DATA_QUERY", "confidence": 1.0, "response_time_ms": 2074.5410919189453, "timestamp": 1761880736.2005947, "is_error": false}, "type": "raw_metrics"}
{"timestamp": 1761880752.9820004, "metrics": {"intent": "DATA_QUERY", "confidence": 1.0, "response_time_ms": 18859.338760375977, "timestamp": 1761880752.9820004, "is_error": false}, "type": "raw_metrics"}
{"timestamp": 1761886927.717498, "metrics": {"intent": "UNKNOWN", "confidence": 0.0, "response_time_ms": 2395.9710597991943, "timestamp": 1761886927.717498, "is_error": true}, "type": "raw_metrics"}
{"timestamp": 1761886962.8490071, "metrics": {"intent": "UNKNOWN", "confidence": 0.0, "response_time_ms": 37536.29755973816, "timestamp": 1761886962.8490071, "is_error": false}, "type": "raw_metrics"}
{"timestamp": 1761886964.5303435, "metrics": {"intent": "DATA_QUERY", "confidence": 1.0, "response_time_ms": 1677.8881549835205, "timestamp": 1761886964.5303435, "is_error": false}, "type": "raw_metrics"}
{"timestamp": 1761886998.6477776, "metrics": {"intent": "DATA_QUERY", "confidence": 1.0, "response_time_ms": 35795.082092285156, "timestamp": 1761886998.6477776, "is_error": false}, "type": "raw_metrics"}
{"timestamp": 1761887623.995262, "metrics": {"intent": "UNKNOWN", "confidence": 0.0, "response_time_ms": 2584.235191345215, "timestamp": 1761887623.995262, "is_error": true}, "type": "raw_metrics"}
{"timestamp": 1761887661.3572206, "metrics": {"intent": "UNKNOWN", "confidence": 0.0, "response_time_ms": 39947.585344314575, "timestamp": 1761887661.3572206, "is_error": false}, "type": "raw_metrics"}
{"timestamp": 1761887663.0149214, "metrics": {"intent": "DATA_QUERY", "confidence": 1.0, "response_time_ms": 1654.592514038086, "timestamp": 1761887663.0149214, "is_error": false}, "type": "raw_metrics"}
{"timestamp": 1761887692.0909867, "metrics": {"intent": "DATA_QUERY", "confidence": 1.0, "response_time_ms": 30730.409860610962, "timestamp": 1761887692.0909867, "is_error": false}, "type": "raw_metrics"}
{"timestamp": 1761888165.5370805, "metrics": {"intent": "DATA_QUERY", "confidence": 0.95, "response_time_ms": 1409.8644256591797, "timestamp": 1761888165.5370805, "is_error": false}, "type": "raw_metrics"}
{"timestamp": 1761888204.3186672, "metrics": {"intent": "DATA_QUERY", "confidence": 0.95, "response_time_ms": 40190.181016922, "timestamp": 1761888204.3186672, "is_error": false}, "type": "raw_metrics"}
{"timestamp": 1761888205.8701599, "metrics": {"intent": "DATA_QUERY", "confidence": 1.0, "response_time_ms": 1547.1434593200684, "timestamp": 1761888205.8701599, "is_error": false}, "type": "raw_metrics"}
{"timestamp": 1761888242.0643442, "metrics": {"intent": "DATA_QUERY", "confidence": 1.0, "response_time_ms": 37739.66836929321, "timestamp": 1761888242.0643442, "is_error": false}, "type": "raw_metrics"}
{"timestamp": 1761888784.809892, "metrics": {"intent": "UNKNOWN", "confidence": 0.0, "response_time_ms": 2203.277587890625, "timestamp": 1761888784.809892, "is_error": true}, "type": "raw_metrics"}
{"timestamp": 1761888822.7533422, "metrics": {"intent": "UNKNOWN", "confidence": 0.0, "response_time_ms": 40149.02758598328, "timestamp": 1761888822.7533422, "is_error": false}, "type": "raw_metrics"}
{"timestamp": 1761888824.4214725, "metrics": {"intent": "DATA_QUERY", "confidence": 1.0, "response_time_ms": 1665.1175022125244, "timestamp": 1761888824.4214725, "is_error": false}, "type": "raw_metrics"}
{"timestamp": 1761888855.594355, "metrics": {"intent": "DATA_QUERY", "confidence": 1.0, "response_time_ms": 32840.014934539795, "timestamp": 1761888855.594355, "is_error": false}, "type": "raw_metrics"}
{"timestamp": 1761896420.075238, "metrics": {"intent": "UNKNOWN", "confidence": 0.0, "response_time_ms": 2791.4438247680664, "timestamp": 1761896420.075238, "is_error": true}, "type": "raw_metrics"}
{"timestamp": 1761896455.64304, "metrics": {"intent": "UNKNOWN", "confidence": 0.0, "response_time_ms": 38366.65487289429, "timestamp": 1761896455.64304, "is_error": false}, "type": "raw_metrics"}
{"timestamp": 1761896457.4953392, "metrics": {"intent": "DATA_QUERY", "confidence": 1.0, "response_time_ms": 1847.8083610534668, "timestamp": 1761896457.4953392, "is_error": false}, "type": "raw_metrics"}
{"timestamp": 1761896491.8955834, "metrics": {"intent": "DATA_QUERY", "confidence": 1.0, "response_time_ms": 36250.13709068298, "timestamp": 1761896491.8955834, "is_error": true}, "type": "raw_metrics"}
{"timestamp": 1761898025.6907308, "metrics": {"intent": "UNKNOWN", "confidence": 0.0, "response_time_ms": 2816.695213317871, "timestamp": 1761898025.6907308, "is_error": true}, "type": "raw_metrics"}
{"timestamp": 1761898060.321367, "metrics": {"intent": "UNKNOWN", "confidence": 0.0, "response_time_ms": 37455.73282241821, "timestamp": 1761898060.321367, "is_error": false}, "type": "raw_metrics"}
{"timestamp": 1761898061.635167, "metrics": {"intent": "DATA_QUERY", "confidence": 1.0, "response_time_ms": 1310.2760314941406, "timestamp": 1761898061.635167, "is_error": false}, "type": "raw_metrics"}
{"timestamp": 1761898099.088728, "metrics": {"intent": "DATA_QUERY", "confidence": 1.0,