{"timestamp": 1762305326.1168735, "metrics": {"intent": "SIMPLE_AGGREGATION", "confidence": 1.0, "response_time_ms": 2008.3999633789062, "timestamp": 1762305326.1168735, "is_error": false}, "type": "raw_metrics"}
{"timestamp": 1762308850.242928, "metrics": {"intent": "SIMPLE_AGGREGATION", "confidence": 1.0, "response_time_ms": 120312.78944015503, "timestamp": 1762308850.242928, "is_error": false}, "type": "raw_metrics"}
{"timestamp": 1762310702.505503, "metrics": {"intent": "SIMPLE_AGGREGATION", "confidence": 1.0, "response_time_ms": 1673742.003917694, "timestamp": 1762310702.505503, "is_error": false}, "type": "raw_metrics"}
{"timestamp": 1762311337.421725, "metrics": {"intent": "SIMPLE_AGGREGATION", "confidence": 1.0, "response_time_ms": 3249.18532371521, "timestamp": 1762311337.421725, "is_error": false}, "type": "raw_metrics"}
{"timestamp": 1762311728.5741673, "metrics": {"intent": "SIMPLE_AGGREGATION", "confidence": 1.0, "response_time_ms": 396379.45461273193, "timestamp": 1762311728.5741673, "is_error": false}, "type": "raw_metrics"}
{"timestamp": 1762316316.8789387, "metrics": {"intent": "SIMPLE_AGGREGATION", "confidence": 1.0, "response_time_ms": 2861.3338470458984, "timestamp": 1762316316.8789387, "is_error": false}, "type": "raw_metrics"}
{"timestamp": 1762316607.8894029, "metrics": {"intent": "SIMPLE_AGGREGATION", "confidence": 1.0, "response_time_ms": 315776.10206604004, "timestamp": 1762316607.8894029, "is_error": false}, "type": "raw_metrics"}
{"timestamp": 1762317697.6810808, "metrics": {"intent": "SIMPLE_AGGREGATION", "confidence": 1.0, "response_time_ms": 3815.5243396759033, "timestamp": 1762317697.6810808, "is_error": false}, "type": "raw_metrics"}
{"timestamp": 1762317719.6405866, "metrics": {"intent": "SIMPLE_AGGREGATION", "confidence": 1.0, "response_time_ms": 27021.373510360718, "timestamp": 1762317719.6405866, "is_error": false}, "type": "raw_metrics"}
{"timestamp": 1762318918.8214104, "metrics": {"intent": "SIMPLE_AGGREGATION", "confidence": 1.0, "response_time_ms": 2457.3724269866943, "timestamp": 1762318918.8214104, "is_error": false}, "type": "raw_metrics"}
{"timestamp": 1762319045.0777345, "metrics": {"intent": "SIMPLE_AGGREGATION", "confidence": 1.0, "response_time_ms": 120613.51680755615, "timestamp": 1762319045.0777345, "is_error": false}, "type": "raw_metrics"}
{"timestamp": 1762319161.8100436, "metrics": {"intent": "SIMPLE_AGGREGATION", "confidence": 1.0, "response_time_ms": 49067.17228889465, "timestamp": 1762319161.8100436, "is_error": false}, "type": "raw_metrics"}
{"timestamp": 1762319713.6616006, "metrics": {"intent": "SIMPLE_AGGREGATION", "confidence": 1.0, "response_time_ms": 3547.3837852478027, "timestamp": 1762319713.6616006, "is_error": false}, "type": "raw_metrics"}
{"timestamp": 1762319750.4122305, "metrics": {"intent": "SIMPLE_AGGREGATION", "confidence": 1.0, "response_time_ms": 41834.95831489563, "timestamp": 1762319750.4122305, "is_error": false}, "type": "raw_metrics"}
{"timestamp": 1762319786.1785903, "metrics": {"intent": "SIMPLE_AGGREGATION", "confidence": 1.0, "response_time_ms": 20379.690170288086, "timestamp": 1762319786.1785903, "is_error": false}, "type": "raw_metrics"}
{"timestamp": 1762319873.9248772, "metrics": {"intent": "SIMPLE_AGGREGATION", "confidence": 1.0, "response_time_ms": 110357.40399360657, "timestamp": 1762319873.9248772, "is_error": false}, "type": "raw_metrics"}
{"timestamp": 1762319897.495786, "metrics": {"intent": "SIMPLE_AGGREGATION", "confidence": 1.0, "response_time_ms": 4923.62380027771, "timestamp": 1762319897.495786, "is_error": false}, "type": "raw_metrics"}
{"timestamp": 1762319957.1259308, "metrics": {"intent": "SIMPLE_AGGREGATION", "confidence": 1.0, "response_time_ms": 65348.034620285034, "timestamp": 1762319957.1259308, "is_error": false}, "type": "raw_metrics"}
{"timestamp": 1762320806.5458858, "metrics": {"intent": "SIMPLE_AGGREGATION", "confidence": 1.0, "response_time_ms": 2983.550786972046, "timestamp": 1762320806.5458858, "is_error": false}, "type": "raw_metrics"}
{"timestamp": 1762321172.6493893, "metrics": {"intent": "SIMPLE_AGGREGATION", "confidence": 1.0, "response_time_ms": 370365.4134273529, "timestamp": 1762321172.6493893, "is_error": true}, "type": "raw_metrics"}
{"timestamp": 1762322647.1245136, "metrics": {"intent": "SIMPLE_AGGREGATION", "confidence": 1.0, "response_time_ms": 2401.097536087036, "timestamp": 1762322647.1245136, "is_error": false}, "type": "raw_metrics"}
{"timestamp": 1762322972.3383636, "metrics": {"intent": "SIMPLE_AGGREGATION", "confidence": 1.0, "response_time_ms": 266481.9107055664, "timestamp": 1762322972.3383636, "is_error": true}, "type": "raw_metrics"}
{"timestamp": 1762323725.9543552, "metrics": {"intent": "SIMPLE_AGGREGATION", "confidence": 1.0, "response_time_ms": 2404.078483581543, "timestamp": 1762323725.9543552, "is_error": false}, "type": "raw_metrics"}
{"timestamp": 1762325019.0101204, "metrics": {"intent": "SIMPLE_AGGREGATION", "confidence": 0.95, "response_time_ms": 3059.2355728149414, "timestamp": 1762325019.0101204, "is_error": false}, "type": "raw_metrics"}
{"timestamp": 1762325143.032731, "metrics": {"intent": "SIMPLE_AGGREGATION", "confidence": 0.95, "response_time_ms": 125665.9128665924, "timestamp": 1762325143.032731, "is_error": false}, "type": "raw_metrics"}
{"timestamp": 1762329072.4217513, "metrics": {"intent": "SIMPLE_AGGREGATION", "confidence": 1.0, "response_time_ms": 3099.7769832611084, "timestamp": 1762329072.4217513, "is_error": false}, "type": "raw_metrics"}
{"timestamp": 1762329119.912277, "metrics": {"intent": "SIMPLE_AGGREGATION", "confidence": 1.0, "response_time_ms": 49849.30515289307, "timestamp": 1762329119.912277, "is_error": false}, "type": "raw_metrics"}
